<?xml version="1.0" encoding="UTF-8"?>
<interface>
  <requires lib="gtk+" version="2.24"/>
  <!-- interface-naming-policy project-wide -->
  <object class="GtkAboutDialog" id="aboutDialog">
    <property name="can_focus">False</property>
    <property name="border_width">5</property>
    <property name="type_hint">dialog</property>
    <property name="program_name">Zentyal Migration Tool</property>
    <property name="version">2.2</property>
    <property name="copyright" translatable="yes">Copyright (C) 2011-2013 Zentyal S.L.</property>
    <property name="website">http://www.zentyal.com</property>
    <property name="website_label" translatable="yes">www.zentyal.com</property>
    <property name="license">This program is free software; you can redistribute it and/or modify
it under the terms of the Lesser GNU General Public License as
published by the Free Software Foundation; either version 2
of the License, or (at your option) any later version.

This program is distributed in the hope that it will be useful,
but WITHOUT ANY WARRANTY; without even the implied warranty of
MERCHANTABILITY or FITNESS FOR A PARTICULAR PURPOSE.  See the
Lesser GNU General Public License for more details.

You should have received a copy of the Lesser GNU General Public
License along with This program; if not, write to the
  Free Software Foundation, Inc.,
  59 Temple Place, Suite 330,
  Boston, MA  02111-1307
  USA
</property>
    <property name="logo">zentyal-logo.png</property>
    <signal name="activate-link" handler="on_activate_link" swapped="no"/>
    <signal name="response" handler="on_aboutDialog_response" swapped="no"/>
    <child internal-child="vbox">
      <object class="GtkVBox" id="dialog-vbox1">
        <property name="visible">True</property>
        <property name="can_focus">False</property>
        <child internal-child="action_area">
          <object class="GtkHButtonBox" id="dialog-action_area1">
            <property name="visible">True</property>
            <property name="can_focus">False</property>
            <property name="layout_style">end</property>
          </object>
          <packing>
            <property name="expand">False</property>
            <property name="fill">True</property>
            <property name="pack_type">end</property>
            <property name="position">0</property>
          </packing>
        </child>
        <child>
          <placeholder/>
        </child>
      </object>
    </child>
  </object>
  <object class="GtkFileChooserDialog" id="fileSaveDialog">
    <property name="can_focus">False</property>
    <property name="border_width">5</property>
    <property name="title" translatable="yes">Choose file to export data...</property>
    <property name="window_position">center-on-parent</property>
    <property name="destroy_with_parent">True</property>
    <property name="type_hint">dialog</property>
    <property name="action">save</property>
    <property name="do_overwrite_confirmation">True</property>
    <signal name="close" handler="on_cancelSaveButton_clicked" swapped="no"/>
    <signal name="delete-event" handler="on_cancelSaveButton_clicked" swapped="no"/>
    <child internal-child="vbox">
      <object class="GtkVBox" id="dialog-vbox2">
        <property name="visible">True</property>
        <property name="can_focus">False</property>
        <property name="spacing">2</property>
        <child internal-child="action_area">
          <object class="GtkHButtonBox" id="dialog-action_area2">
            <property name="visible">True</property>
            <property name="can_focus">False</property>
            <property name="layout_style">end</property>
            <child>
              <object class="GtkButton" id="cancelSaveButton">
                <property name="label" translatable="yes">Cancel</property>
                <property name="visible">True</property>
                <property name="can_focus">True</property>
                <property name="receives_default">True</property>
                <property name="use_action_appearance">False</property>
                <signal name="clicked" handler="on_cancelSaveButton_clicked" swapped="no"/>
              </object>
              <packing>
                <property name="expand">False</property>
                <property name="fill">False</property>
                <property name="position">0</property>
              </packing>
            </child>
            <child>
              <object class="GtkButton" id="saveButton">
                <property name="label" translatable="yes">Save</property>
                <property name="visible">True</property>
                <property name="can_focus">True</property>
                <property name="receives_default">True</property>
                <property name="use_action_appearance">False</property>
                <signal name="clicked" handler="on_saveButton_clicked" swapped="no"/>
              </object>
              <packing>
                <property name="expand">False</property>
                <property name="fill">False</property>
                <property name="position">1</property>
              </packing>
            </child>
          </object>
          <packing>
            <property name="expand">False</property>
            <property name="fill">True</property>
            <property name="pack_type">end</property>
            <property name="position">0</property>
          </packing>
        </child>
        <child>
          <placeholder/>
        </child>
      </object>
    </child>
    <action-widgets>
      <action-widget response="0">cancelSaveButton</action-widget>
      <action-widget response="0">saveButton</action-widget>
    </action-widgets>
  </object>
  <object class="GtkWindow" id="mainWindow">
    <property name="can_focus">False</property>
    <property name="resizable">False</property>
    <signal name="destroy" handler="on_mainWindow_destroy" swapped="no"/>
    <child>
      <object class="GtkAlignment" id="alignment1">
        <property name="visible">True</property>
        <property name="can_focus">False</property>
        <property name="top_padding">5</property>
        <property name="bottom_padding">5</property>
        <property name="left_padding">5</property>
        <property name="right_padding">5</property>
        <child>
          <object class="GtkVBox" id="mainBox">
            <property name="visible">True</property>
            <property name="can_focus">False</property>
            <property name="spacing">10</property>
            <child>
              <object class="GtkNotebook" id="notebook">
                <property name="visible">True</property>
                <property name="can_focus">True</property>
                <child>
                  <object class="GtkVBox" id="adsyncBox">
                    <property name="visible">True</property>
                    <property name="can_focus">False</property>
                    <property name="border_width">12</property>
                    <child>
                      <object class="GtkLabel" id="adsyncHelpLabel1">
                        <property name="visible">True</property>
                        <property name="can_focus">False</property>
                        <property name="xalign">0</property>
                        <property name="yalign">0.20000000298023224</property>
                        <property name="label" translatable="yes">Here you can configure the settings for the AD Password Synchronizer.</property>
                        <property name="justify">fill</property>
                        <property name="single_line_mode">True</property>
                      </object>
                      <packing>
                        <property name="expand">False</property>
                        <property name="fill">False</property>
                        <property name="position">0</property>
                      </packing>
                    </child>
                    <child>
                      <object class="GtkLabel" id="adsyncHelpLabel2">
                        <property name="visible">True</property>
                        <property name="can_focus">False</property>
                        <property name="xalign">0</property>
                        <property name="yalign">0.20000000298023224</property>
                        <property name="label" translatable="yes">For more info, please go to http://www.zentyal.org/migration-tool</property>
                        <property name="use_markup">True</property>
                        <property name="justify">fill</property>
                        <property name="single_line_mode">True</property>
                        <signal name="activate-link" handler="on_activate_link" swapped="no"/>
                      </object>
                      <packing>
                        <property name="expand">False</property>
                        <property name="fill">False</property>
                        <property name="position">1</property>
                      </packing>
                    </child>
                    <child>
                      <object class="GtkAlignment" id="alignment2">
                        <property name="visible">True</property>
                        <property name="can_focus">False</property>
                        <child>
                          <object class="GtkTable" id="adsyncTable">
                            <property name="visible">True</property>
                            <property name="can_focus">False</property>
                            <property name="n_rows">4</property>
                            <property name="n_columns">2</property>
                            <property name="column_spacing">5</property>
                            <property name="row_spacing">5</property>
                            <property name="homogeneous">True</property>
                            <child>
                              <object class="GtkLabel" id="adsyncEnabledLabel">
                                <property name="visible">True</property>
                                <property name="can_focus">False</property>
                                <property name="xalign">0</property>
                                <property name="label" translatable="yes">Enabled</property>
                              </object>
                            </child>
                            <child>
                              <object class="GtkCheckButton" id="adsyncEnabled">
                                <property name="visible">True</property>
                                <property name="can_focus">True</property>
                                <property name="receives_default">False</property>
                                <property name="use_action_appearance">False</property>
                                <property name="draw_indicator">True</property>
                                <signal name="released" handler="on_adsyncEnabled_clicked" swapped="no"/>
                              </object>
                              <packing>
                                <property name="left_attach">1</property>
                                <property name="right_attach">2</property>
                              </packing>
                            </child>
                            <child>
                              <object class="GtkLabel" id="hostLabel">
                                <property name="visible">True</property>
                                <property name="can_focus">False</property>
                                <property name="xalign">0</property>
                                <property name="label" translatable="yes">Zentyal Slave host</property>
                              </object>
                              <packing>
                                <property name="top_attach">1</property>
                                <property name="bottom_attach">2</property>
                              </packing>
                            </child>
                            <child>
                              <object class="GtkEntry" id="hostEntry">
                                <property name="visible">True</property>
                                <property name="can_focus">True</property>
                                <property name="invisible_char">•</property>
                                <property name="invisible_char_set">True</property>
                                <property name="primary_icon_activatable">False</property>
                                <property name="secondary_icon_activatable">False</property>
                                <property name="primary_icon_sensitive">True</property>
                                <property name="secondary_icon_sensitive">True</property>
                              </object>
                              <packing>
                                <property name="left_attach">1</property>
                                <property name="right_attach">2</property>
                                <property name="top_attach">1</property>
                                <property name="bottom_attach">2</property>
                                <property name="x_options">GTK_FILL</property>
                              </packing>
                            </child>
                            <child>
                              <object class="GtkLabel" id="portLabel">
                                <property name="visible">True</property>
                                <property name="can_focus">False</property>
                                <property name="xalign">0</property>
                                <property name="label" translatable="yes">Port</property>
                              </object>
                              <packing>
                                <property name="top_attach">2</property>
                                <property name="bottom_attach">3</property>
                              </packing>
                            </child>
                            <child>
                              <object class="GtkEntry" id="portEntry">
                                <property name="visible">True</property>
                                <property name="can_focus">True</property>
                                <property name="invisible_char">•</property>
                                <property name="text" translatable="yes">6677</property>
                                <property name="invisible_char_set">True</property>
                                <property name="primary_icon_activatable">False</property>
                                <property name="secondary_icon_activatable">False</property>
                                <property name="primary_icon_sensitive">True</property>
                                <property name="secondary_icon_sensitive">True</property>
                              </object>
                              <packing>
                                <property name="left_attach">1</property>
                                <property name="right_attach">2</property>
                                <property name="top_attach">2</property>
                                <property name="bottom_attach">3</property>
                              </packing>
                            </child>
                            <child>
                              <object class="GtkLabel" id="secretLabel">
                                <property name="visible">True</property>
                                <property name="can_focus">False</property>
                                <property name="xalign">0</property>
                                <property name="label" translatable="yes">Secret key</property>
                              </object>
                              <packing>
                                <property name="top_attach">3</property>
                                <property name="bottom_attach">4</property>
                              </packing>
                            </child>
                            <child>
                              <object class="GtkEntry" id="secretEntry">
                                <property name="visible">True</property>
                                <property name="can_focus">True</property>
                                <property name="visibility">False</property>
                                <property name="invisible_char">•</property>
                                <property name="invisible_char_set">True</property>
                                <property name="primary_icon_activatable">False</property>
                                <property name="secondary_icon_activatable">False</property>
                                <property name="primary_icon_sensitive">True</property>
                                <property name="secondary_icon_sensitive">True</property>
                              </object>
                              <packing>
                                <property name="left_attach">1</property>
                                <property name="right_attach">2</property>
                                <property name="top_attach">3</property>
                                <property name="bottom_attach">4</property>
                              </packing>
                            </child>
                          </object>
                        </child>
                      </object>
                      <packing>
                        <property name="expand">False</property>
                        <property name="fill">False</property>
                        <property name="padding">10</property>
                        <property name="position">2</property>
                      </packing>
                    </child>
                  </object>
                </child>
                <child type="tab">
                  <object class="GtkLabel" id="adsyncTabLabel">
                    <property name="visible">True</property>
                    <property name="can_focus">False</property>
                    <property name="label" translatable="yes">AD Sync Settings</property>
                  </object>
                  <packing>
                    <property name="tab_fill">False</property>
                  </packing>
                </child>
                <child>
                  <object class="GtkVBox" id="exportBox">
                    <property name="visible">True</property>
                    <property name="can_focus">False</property>
                    <property name="border_width">18</property>
                    <property name="spacing">10</property>
                    <child>
                      <object class="GtkLabel" id="exportHelpLabel">
                        <property name="visible">True</property>
                        <property name="can_focus">False</property>
                        <property name="xalign">0.0099999997764825821</property>
                        <property name="label" translatable="yes">You can extract some basic DHCP and DNS settings to a bundle that can be imported in your Zentyal server if you have installed the zentyal-migration-tool package.</property>
                        <property name="justify">fill</property>
                        <property name="wrap">True</property>
                      </object>
                      <packing>
                        <property name="expand">False</property>
                        <property name="fill">False</property>
                        <property name="position">0</property>
                      </packing>
                    </child>
                    <child>
                      <object class="GtkHBox" id="exportButtonBox">
                        <property name="visible">True</property>
                        <property name="can_focus">False</property>
                        <property name="spacing">5</property>
                        <child>
                          <object class="GtkVBox" id="vbox1">
                            <property name="visible">True</property>
                            <property name="can_focus">False</property>
                            <child>
                              <object class="GtkCheckButton" id="exportDHCP">
                                <property name="label" translatable="yes">Export DHCP settings</property>
                                <property name="visible">True</property>
                                <property name="can_focus">True</property>
                                <property name="receives_default">False</property>
                                <property name="use_action_appearance">False</property>
                                <property name="active">True</property>
                                <property name="draw_indicator">True</property>
                              </object>
                              <packing>
                                <property name="expand">True</property>
                                <property name="fill">True</property>
                                <property name="position">0</property>
                              </packing>
                            </child>
                            <child>
                              <object class="GtkCheckButton" id="exportDNS">
                                <property name="label" translatable="yes">Export DNS settings</property>
                                <property name="visible">True</property>
                                <property name="can_focus">True</property>
                                <property name="receives_default">False</property>
                                <property name="use_action_appearance">False</property>
                                <property name="active">True</property>
                                <property name="draw_indicator">True</property>
                              </object>
                              <packing>
                                <property name="expand">True</property>
                                <property name="fill">True</property>
                                <property name="position">1</property>
                              </packing>
                            </child>
                          </object>
                          <packing>
                            <property name="expand">True</property>
                            <property name="fill">True</property>
                            <property name="position">0</property>
                          </packing>
                        </child>
                        <child>
                          <object class="GtkButton" id="exportButton">
                            <property name="label" translatable="yes">Export</property>
                            <property name="width_request">10</property>
                            <property name="height_request">10</property>
                            <property name="visible">True</property>
                            <property name="can_focus">True</property>
                            <property name="receives_default">True</property>
                            <property name="use_action_appearance">False</property>
                            <signal name="clicked" handler="on_exportButton_clicked" swapped="no"/>
                          </object>
                          <packing>
                            <property name="expand">True</property>
                            <property name="fill">True</property>
                            <property name="position">1</property>
                          </packing>
                        </child>
                      </object>
                      <packing>
                        <property name="expand">True</property>
                        <property name="fill">True</property>
                        <property name="position">1</property>
                      </packing>
                    </child>
                  </object>
                  <packing>
                    <property name="position">1</property>
                  </packing>
                </child>
                <child type="tab">
                  <object class="GtkLabel" id="exportTabLabel">
                    <property name="visible">True</property>
                    <property name="can_focus">False</property>
                    <property name="label" translatable="yes">Export Server Configuration</property>
                  </object>
                  <packing>
                    <property name="position">1</property>
                    <property name="tab_fill">False</property>
                  </packing>
                </child>
              </object>
              <packing>
                <property name="expand">True</property>
                <property name="fill">True</property>
                <property name="position">0</property>
              </packing>
            </child>
            <child>
              <object class="GtkHButtonBox" id="hbuttonbox1">
                <property name="visible">True</property>
                <property name="can_focus">False</property>
                <property name="spacing">5</property>
                <property name="layout_style">end</property>
                <child>
                  <object class="GtkButton" id="okButton">
                    <property name="label" translatable="yes">OK</property>
                    <property name="visible">True</property>
                    <property name="can_focus">True</property>
                    <property name="receives_default">True</property>
                    <property name="use_action_appearance">False</property>
                    <signal name="clicked" handler="on_okButton_clicked" swapped="no"/>
                  </object>
                  <packing>
                    <property name="expand">True</property>
                    <property name="fill">True</property>
                    <property name="padding">155</property>
                    <property name="position">0</property>
                  </packing>
                </child>
                <child>
                  <object class="GtkButton" id="aboutButton">
                    <property name="label" translatable="yes">About</property>
                    <property name="visible">True</property>
                    <property name="can_focus">True</property>
                    <property name="receives_default">True</property>
                    <property name="use_action_appearance">False</property>
                    <signal name="clicked" handler="on_aboutButton_clicked" swapped="no"/>
                  </object>
                  <packing>
                    <property name="expand">True</property>
                    <property name="fill">True</property>
                    <property name="position">1</property>
                  </packing>
                </child>
              </object>
              <packing>
                <property name="expand">False</property>
                <property name="fill">False</property>
                <property name="pack_type">end</property>
                <property name="position">1</property>
              </packing>
            </child>
          </object>
        </child>
      </object>
    </child>
  </object>
</interface>
